file_id	species_common_name	species_name	file_assembly	mean	std	assay	relative_path	covered_bases
SRR13808079	arabidopsis	arabidopsis_thaliana	TAIR10	0.2163307348506108	3.1030838273164427	ribo-seq	arabidopsis/functional_tracks/SRR13808079.bigwig	119667750
SRR13808080	arabidopsis	arabidopsis_thaliana	TAIR10	0.2153279872525975	3.470775928643807	ribo-seq	arabidopsis/functional_tracks/SRR13808080.bigwig	119667750
SRR13808081	arabidopsis	arabidopsis_thaliana	TAIR10	0.2154931308835975	16.233945803148075	ribo-seq	arabidopsis/functional_tracks/SRR13808081.bigwig	119667750
SRR13808084	arabidopsis	arabidopsis_thaliana	TAIR10	0.2195751941944145	3.947440305437182	ribo-seq	arabidopsis/functional_tracks/SRR13808084.bigwig	119667750
ERX9662174	chicken	gallus_gallus	bGalGal1	0.0592502176760305	0.3621686937580518	ATAC-seq	chicken/functional_tracks/ERX9662174.bigwig	1053332251
ERX9662177	chicken	gallus_gallus	bGalGal1	0.0587056609063994	0.2848474163685199	ATAC-seq	chicken/functional_tracks/ERX9662177.bigwig	1053332251
ERX9662178	chicken	gallus_gallus	bGalGal1	0.0559783395453708	0.2870912139194163	ATAC-seq	chicken/functional_tracks/ERX9662178.bigwig	1053332251
ERX9662180	chicken	gallus_gallus	bGalGal1	0.057415469365592	0.2116305864597581	ATAC-seq	chicken/functional_tracks/ERX9662180.bigwig	1053332251
ERX9662183	chicken	gallus_gallus	bGalGal1	0.0578046609211634	0.2259631339730704	ATAC-seq	chicken/functional_tracks/ERX9662183.bigwig	1053332251
ERX9662185	chicken	gallus_gallus	bGalGal1	0.0564405764326817	0.3132877661775572	ATAC-seq	chicken/functional_tracks/ERX9662185.bigwig	1053332251
ERX9662186	chicken	gallus_gallus	bGalGal1	0.0564090238711188	0.3908155210725551	ATAC-seq	chicken/functional_tracks/ERX9662186.bigwig	1053332251
ERX9662188	chicken	gallus_gallus	bGalGal1	0.1362718649659413	9.10852322176092	RNA-seq	chicken/functional_tracks/ERX9662188.bigwig	1053332251
ERX9662190	chicken	gallus_gallus	bGalGal1	0.1348825577580195	7.019663835206636	RNA-seq	chicken/functional_tracks/ERX9662190.bigwig	1053332251
ERX9662192	chicken	gallus_gallus	bGalGal1	0.1376115104790996	7.684569793274492	RNA-seq	chicken/functional_tracks/ERX9662192.bigwig	1053332251
ERX9662194	chicken	gallus_gallus	bGalGal1	0.1395113376250976	43.379091036891104	RNA-seq	chicken/functional_tracks/ERX9662194.bigwig	1053332251
ERX9662196	chicken	gallus_gallus	bGalGal1	0.1380419745067104	1.7586518304508834	RNA-seq	chicken/functional_tracks/ERX9662196.bigwig	1053332251
ERX9662198	chicken	gallus_gallus	bGalGal1	0.1379815367422741	5.943480489401704	RNA-seq	chicken/functional_tracks/ERX9662198.bigwig	1053332251
ERX9662200	chicken	gallus_gallus	bGalGal1	0.1377687861386598	5.27590462988853	RNA-seq	chicken/functional_tracks/ERX9662200.bigwig	1053332251
ENCSR046BCI_M	human	human	hg38	0.0021187649900923	0.8367940766826674	PRO-cap	human/functional_tracks/ENCSR046BCI_M.bigwig	3014073370
ENCSR046BCI_P	human	human	hg38	0.0012860527790824	0.6183644122557255	PRO-cap	human/functional_tracks/ENCSR046BCI_P.bigwig	3008943361
ENCSR100LIJ_M	human	human	hg38	0.0034310185237725	1.0150696226329117	PRO-cap	human/functional_tracks/ENCSR100LIJ_M.bigwig	3009633143
ENCSR100LIJ_P	human	human	hg38	0.0034626951599869	1.046981374304357	PRO-cap	human/functional_tracks/ENCSR100LIJ_P.bigwig	3012529388
ENCSR114HGS_M	human	human	hg38	0.0021946710840388	0.1430988717724478	PRO-cap	human/functional_tracks/ENCSR114HGS_M.bigwig	3017479834
ENCSR114HGS_P	human	human	hg38	0.0022747382457349	0.1342900130710761	PRO-cap	human/functional_tracks/ENCSR114HGS_P.bigwig	3017985065
ENCSR154HRN_M	human	human	hg38	0.0049800130288615	0.0922530935893968	eCLIP	human/functional_tracks/ENCSR154HRN_M.bigwig	2806267661
ENCSR154HRN_P	human	human	hg38	0.0057952034548773	0.381740603175436	eCLIP	human/functional_tracks/ENCSR154HRN_P.bigwig	2986130884
ENCSR249ROI_M	human	human	hg38	0.0057446411632077	0.0920737491613095	eCLIP	human/functional_tracks/ENCSR249ROI_M.bigwig	3017662130
ENCSR249ROI_P	human	human	hg38	0.0062246801755501	0.2005703340406447	eCLIP	human/functional_tracks/ENCSR249ROI_P.bigwig	3018377129
ENCSR321PWZ_M	human	human	hg38	0.0082021207271243	0.3104164423652771	eCLIP	human/functional_tracks/ENCSR321PWZ_M.bigwig	2806138624
ENCSR321PWZ_P	human	human	hg38	0.0087737851528512	0.4716636426234966	eCLIP	human/functional_tracks/ENCSR321PWZ_P.bigwig	2806127815
ENCSR325NFE	human	human	hg38	0.7262535549063383	0.586216005247396	ATAC-seq	human/functional_tracks/ENCSR325NFE.bigwig	3098443403
ENCSR410DWV	human	human	hg38	0.4475774291732938	1.2772447840876042	ATAC-seq	human/functional_tracks/ENCSR410DWV.bigwig	3097739539
ENCSR484LTQ_M	human	human	hg38	0.0049440275075031	0.1321719643876737	eCLIP	human/functional_tracks/ENCSR484LTQ_M.bigwig	2981345988
ENCSR484LTQ_P	human	human	hg38	0.0054827793298859	0.3600114723380397	eCLIP	human/functional_tracks/ENCSR484LTQ_P.bigwig	3012619296
ENCSR487QSB	human	human	hg38	0.6586369555288264	0.7492997609314198	ATAC-seq	human/functional_tracks/ENCSR487QSB.bigwig	3098313442
ENCSR527JGN_M	human	human	hg38	0.0117760435384131	1.289040052392532	polyA plus RNA-seq	human/functional_tracks/ENCSR527JGN_M.bigwig	3014333551
ENCSR527JGN_P	human	human	hg38	0.0108069604715809	0.8208027604033814	polyA plus RNA-seq	human/functional_tracks/ENCSR527JGN_P.bigwig	3015264143
ENCSR619DQO_M	human	human	hg38	0.015490478035405	0.9882145585993056	total RNA-seq	human/functional_tracks/ENCSR619DQO_M.bigwig	339043608
ENCSR619DQO_P	human	human	hg38	0.0161253098689726	1.266080547499186	total RNA-seq	human/functional_tracks/ENCSR619DQO_P.bigwig	358858259
ENCSR628PLS	human	human	hg38	0.6435424403031892	0.9339362854508154	ATAC-seq	human/functional_tracks/ENCSR628PLS.bigwig	3098181379
ENCSR682BFG	human	human	hg38	0.6668583718496784	0.7765777637729082	Histone ChIP-seq	human/functional_tracks/ENCSR682BFG.bigwig	3097665395
ENCSR701YIC	human	human	hg38	0.0463600992751594	2.4867306635005346	total RNA-seq	human/functional_tracks/ENCSR701YIC.bigwig	3019099993
ENCSR754DRC	human	human	hg38	0.6373463806837459	0.5265026906764074	Histone ChIP-seq	human/functional_tracks/ENCSR754DRC.bigwig	3097699958
ENCSR799DGV_M	human	human	hg38	0.003358760912832	0.9521653705523933	PRO-cap	human/functional_tracks/ENCSR799DGV_M.bigwig	3014884299
ENCSR799DGV_P	human	human	hg38	0.0040084580277698	1.1197949222812478	PRO-cap	human/functional_tracks/ENCSR799DGV_P.bigwig	3012305830
ENCSR814RGG	human	human	hg38	0.7250170204686959	0.6537994463881371	ATAC-seq	human/functional_tracks/ENCSR814RGG.bigwig	3098313615
ENCSR862QCH_M	human	human	hg38	0.0053073775581925	0.217458715116779	eCLIP	human/functional_tracks/ENCSR862QCH_M.bigwig	3009512591
ENCSR862QCH_P	human	human	hg38	0.0062703905595772	1.1117379293167922	eCLIP	human/functional_tracks/ENCSR862QCH_P.bigwig	3013360812
ENCSR863PSM	human	human	hg38	0.7440286649149251	1.5007683834889258	Histone ChIP-seq	human/functional_tracks/ENCSR863PSM.bigwig	3087010971
ENCSR935RNW_M	human	human	hg38	0.0037003528259055	1.1613555909359403	PRO-cap	human/functional_tracks/ENCSR935RNW_M.bigwig	3009489270
ENCSR935RNW_P	human	human	hg38	0.0037613183536094	1.281101084146212	PRO-cap	human/functional_tracks/ENCSR935RNW_P.bigwig	3012674133
ENCSR962OTG	human	human	hg38	0.4863640503288768	1.8579334571907096	Histone ChIP-seq	human/functional_tracks/ENCSR962OTG.bigwig	3097884200
SRR13808051	maize	zea_mays	Zm-B73-REFERENCE-NAM-5.0	0.0123121697237405	0.7353861573738762	ribo-seq	maize/functional_tracks/SRR13808051.bigwig	2182075994
SRR13808052	maize	zea_mays	Zm-B73-REFERENCE-NAM-5.0	0.0125412695816011	1.096584460418735	ribo-seq	maize/functional_tracks/SRR13808052.bigwig	2182075994
SRR13808056	maize	zea_mays	Zm-B73-REFERENCE-NAM-5.0	0.0122846717976222	0.8932984520439872	ribo-seq	maize/functional_tracks/SRR13808056.bigwig	2182075994
SRR13808058	maize	zea_mays	Zm-B73-REFERENCE-NAM-5.0	0.0126940920880924	2.407871109089266	ribo-seq	maize/functional_tracks/SRR13808058.bigwig	2182075994
SRR13808059	maize	zea_mays	Zm-B73-REFERENCE-NAM-5.0	0.0126743317713939	1.2356836948831509	ribo-seq	maize/functional_tracks/SRR13808059.bigwig	2182075994
SRR13808061	maize	zea_mays	Zm-B73-REFERENCE-NAM-5.0	0.0124028148500683	0.7446762256877293	ribo-seq	maize/functional_tracks/SRR13808061.bigwig	2182075994
SRR13808062	maize	zea_mays	Zm-B73-REFERENCE-NAM-5.0	0.0122071551933559	1.264255709838627	ribo-seq	maize/functional_tracks/SRR13808062.bigwig	2182075994
SRR13808063	maize	zea_mays	Zm-B73-REFERENCE-NAM-5.0	0.0122228879259769	1.402009396296207	ribo-seq	maize/functional_tracks/SRR13808063.bigwig	2182075994
SRR13808064	rice	oryza_sativa	IRGSP-1.0	0.0716274161454301	27.08604529383113	ribo-seq	rice/functional_tracks/SRR13808064.bigwig	375049285
SRR13808065	rice	oryza_sativa	IRGSP-1.0	0.0719136698046861	26.66272106670231	ribo-seq	rice/functional_tracks/SRR13808065.bigwig	375049285
SRR13808066	rice	oryza_sativa	IRGSP-1.0	0.0715144600272903	20.73264586005325	ribo-seq	rice/functional_tracks/SRR13808066.bigwig	375049285
SRR13808067	rice	oryza_sativa	IRGSP-1.0	0.0716897626058698	24.11178636492281	ribo-seq	rice/functional_tracks/SRR13808067.bigwig	375049285
SRR13808068	rice	oryza_sativa	IRGSP-1.0	0.0694512148308133	5.325561799318084	ribo-seq	rice/functional_tracks/SRR13808068.bigwig	375049285
SRR13808069	rice	oryza_sativa	IRGSP-1.0	0.0692473103661081	5.29674938424028	ribo-seq	rice/functional_tracks/SRR13808069.bigwig	375049285
SRR13808070	rice	oryza_sativa	IRGSP-1.0	0.0707056244128289	12.012955091404017	ribo-seq	rice/functional_tracks/SRR13808070.bigwig	375049285
SRR13808072	rice	oryza_sativa	IRGSP-1.0	0.070618220683456	11.90233926633528	ribo-seq	rice/functional_tracks/SRR13808072.bigwig	375049285
SRR13808073	rice	oryza_sativa	IRGSP-1.0	0.0690367858732664	4.712492604981989	ribo-seq	rice/functional_tracks/SRR13808073.bigwig	375049285
SRR13808074	rice	oryza_sativa	IRGSP-1.0	0.0703811829092719	6.489808679315709	ribo-seq	rice/functional_tracks/SRR13808074.bigwig	375049285
SRR13808075	rice	oryza_sativa	IRGSP-1.0	0.0717847766120033	40.27964938558939	ribo-seq	rice/functional_tracks/SRR13808075.bigwig	375049285
SRR13808076	rice	oryza_sativa	IRGSP-1.0	0.0690428935018969	10.103141787441317	ribo-seq	rice/functional_tracks/SRR13808076.bigwig	375049285
SRR13808077	rice	oryza_sativa	IRGSP-1.0	0.0697899016282989	7.672262225743506	ribo-seq	rice/functional_tracks/SRR13808077.bigwig	375049285
SRR13808078	rice	oryza_sativa	IRGSP-1.0	0.0693623399226404	4.901418201072501	ribo-seq	rice/functional_tracks/SRR13808078.bigwig	375049285
SRX27799703	tomato	solanum_lycopersicum	SL3	0.1224991225570635	0.973243071222082	ATAC-seq	tomato/functional_tracks/SRX27799703.bigwig	827747456
SRX27799718	tomato	solanum_lycopersicum	SL3	0.1215000381344795	0.9988209274408264	ATAC-seq	tomato/functional_tracks/SRX27799718.bigwig	827747456
SRX27799719	tomato	solanum_lycopersicum	SL3	0.1266786155392918	0.9391638748321228	ATAC-seq	tomato/functional_tracks/SRX27799719.bigwig	827747456
SRX27799722	tomato	solanum_lycopersicum	SL3	0.1304506395019022	0.9010066841621408	ATAC-seq	tomato/functional_tracks/SRX27799722.bigwig	827747456
SRX27799727	tomato	solanum_lycopersicum	SL3	0.1232167239495222	0.5753064022845156	ATAC-seq	tomato/functional_tracks/SRX27799727.bigwig	827747456
SRX27799731	tomato	solanum_lycopersicum	SL3	0.1240923183179663	0.5282919036884876	ATAC-seq	tomato/functional_tracks/SRX27799731.bigwig	827747456
SRX27799733	tomato	solanum_lycopersicum	SL3	0.1269436778623759	1.2181569898301396	ATAC-seq	tomato/functional_tracks/SRX27799733.bigwig	827747456
SRX29291430	tomato	solanum_lycopersicum	SL3	0.1790845853329196	4.369213326115213	RNA-seq	tomato/functional_tracks/SRX29291430.bigwig	827747456
SRX29291431	tomato	solanum_lycopersicum	SL3	0.178730514076054	4.479109902110612	RNA-seq	tomato/functional_tracks/SRX29291431.bigwig	827747456
SRX29291438	tomato	solanum_lycopersicum	SL3	0.1793945903956706	3.704499449241803	RNA-seq	tomato/functional_tracks/SRX29291438.bigwig	827747456
SRX29291439	tomato	solanum_lycopersicum	SL3	0.1792338427527612	3.767797212529071	RNA-seq	tomato/functional_tracks/SRX29291439.bigwig	827747456
SRX29291440	tomato	solanum_lycopersicum	SL3	0.1792191996369422	3.4985942488181707	RNA-seq	tomato/functional_tracks/SRX29291440.bigwig	827747456
SRX29291441	tomato	solanum_lycopersicum	SL3	0.1789685669418317	3.916206985354532	RNA-seq	tomato/functional_tracks/SRX29291441.bigwig	827747456
SRX29291442	tomato	solanum_lycopersicum	SL3	0.1790133996882216	4.089635832973803	RNA-seq	tomato/functional_tracks/SRX29291442.bigwig	827747456
SRX29291443	tomato	solanum_lycopersicum	SL3	0.1791590373362215	3.709806836993176	RNA-seq	tomato/functional_tracks/SRX29291443.bigwig	827747456
SRX29291444	tomato	solanum_lycopersicum	SL3	0.1786737789057393	3.7025339508949098	RNA-seq	tomato/functional_tracks/SRX29291444.bigwig	827747456
SRX29291445	tomato	solanum_lycopersicum	SL3	0.1790573297761319	4.207060849558455	RNA-seq	tomato/functional_tracks/SRX29291445.bigwig	827747456
SRX29291446	tomato	solanum_lycopersicum	SL3	0.1791406253387177	5.074057047114392	RNA-seq	tomato/functional_tracks/SRX29291446.bigwig	827747456
SRX29291447	tomato	solanum_lycopersicum	SL3	0.1794345645970627	4.537180833595343	RNA-seq	tomato/functional_tracks/SRX29291447.bigwig	827747456
SRX29291448	tomato	solanum_lycopersicum	SL3	0.1793254209280483	5.20255010919527	RNA-seq	tomato/functional_tracks/SRX29291448.bigwig	827747456
