release,metric,count
2025-03,raw_rows,6839999
2025-03,raw_unique_variation_ids,3452550
2025-03,grch38_rows,3388341
2025-03,grch38_unique_variation_ids,3387587
2025-03,after_exclude_exact_somatic,3382551
2025-03,after_basic_chromosomes,3379593
2025-03,after_single_nucleotide_variant,3096213
2025-03,after_selected_clinical_significance,1335970
2025-03,after_gold_stars_ge_1,1284133
2025-03,after_canonical_acgt_alleles,1284123
2025-03,after_true_substitution_ref_ne_alt,1283632
2025-03,candidate_unique_variation_ids,1283751
2025-03,candidate_unique_variant_keys,1284123
2025-03,candidate_duplicate_key_rows,0
2025-03,exact_benign_or_pathogenic_rows_pre_mane,240356
2025-03,exact_benign_rows_pre_mane,174039
2025-03,exact_pathogenic_rows_pre_mane,66317
2025-03,exact_pb_unique_variation_ids_pre_mane,240206
2025-03,exact_pb_unique_variant_keys_pre_mane,240356
2026-02,raw_rows,8674145
2026-02,raw_unique_variation_ids,4370172
2026-02,grch38_rows,4303534
2026-02,grch38_unique_variation_ids,4301221
2026-02,after_exclude_exact_somatic,4296847
2026-02,after_basic_chromosomes,4293730
2026-02,after_single_nucleotide_variant,3985389
2026-02,after_selected_clinical_significance,1398129
2026-02,after_gold_stars_ge_1,1346049
2026-02,after_canonical_acgt_alleles,1346039
2026-02,after_true_substitution_ref_ne_alt,1345548
2026-02,candidate_unique_variation_ids,1345649
2026-02,candidate_unique_variant_keys,1346039
2026-02,candidate_duplicate_key_rows,0
2026-02,exact_benign_or_pathogenic_rows_pre_mane,242137
2026-02,exact_benign_rows_pre_mane,172622
2026-02,exact_pathogenic_rows_pre_mane,69515
2026-02,exact_pb_unique_variation_ids_pre_mane,241983
2026-02,exact_pb_unique_variant_keys_pre_mane,242137
2026-09-14,raw_rows,9056310
2026-09-14,raw_unique_variation_ids,4562367
2026-09-14,grch38_rows,4494430
2026-09-14,grch38_unique_variation_ids,4492073
2026-09-14,after_exclude_exact_somatic,4487698
2026-09-14,after_basic_chromosomes,4484565
2026-09-14,after_single_nucleotide_variant,4157032
2026-09-14,after_selected_clinical_significance,1487246
2026-09-14,after_gold_stars_ge_1,1437343
2026-09-14,after_canonical_acgt_alleles,1437333
2026-09-14,after_true_substitution_ref_ne_alt,1436843
2026-09-14,candidate_unique_variation_ids,1436915
2026-09-14,candidate_unique_variant_keys,1437333
2026-09-14,candidate_duplicate_key_rows,0
2026-09-14,exact_benign_or_pathogenic_rows_pre_mane,245571
2026-09-14,exact_benign_rows_pre_mane,173369
2026-09-14,exact_pathogenic_rows_pre_mane,72202
2026-09-14,exact_pb_unique_variation_ids_pre_mane,245417
2026-09-14,exact_pb_unique_variant_keys_pre_mane,245571
