from_release,to_release,metric,old,latest,shared,only_old,only_latest,net_change
2025-03,2026-02,raw_unique_variation_ids,3452550,4370172,3451855,695,918317,917622
2025-03,2026-02,candidate_unique_variation_ids,1283751,1345649,1273735,10016,71914,61898
2025-03,2026-02,candidate_unique_variant_keys,1284123,1346039,1274107,10016,71932,61916
2025-03,2026-02,exact_pb_unique_variation_ids_pre_mane,240206,241983,233150,7056,8833,1777
2025-03,2026-02,exact_pb_unique_variant_keys_pre_mane,240356,242137,233299,7057,8838,1781
2025-03,2026-09-14,raw_unique_variation_ids,3452550,4562367,3443060,9490,1119307,1109817
2025-03,2026-09-14,candidate_unique_variation_ids,1283751,1436915,1270600,13151,166315,153164
2025-03,2026-09-14,candidate_unique_variant_keys,1284123,1437333,1270974,13149,166359,153210
2025-03,2026-09-14,exact_pb_unique_variation_ids_pre_mane,240206,245417,228483,11723,16934,5211
2025-03,2026-09-14,exact_pb_unique_variant_keys_pre_mane,240356,245571,228632,11724,16939,5215
2026-02,2026-09-14,raw_unique_variation_ids,4370172,4562367,4361233,8939,201134,192195
2026-02,2026-09-14,candidate_unique_variation_ids,1345649,1436915,1341648,4001,95267,91266
2026-02,2026-09-14,candidate_unique_variant_keys,1346039,1437333,1342039,4000,95294,91294
2026-02,2026-09-14,exact_pb_unique_variation_ids_pre_mane,241983,245417,236626,5357,8791,3434
2026-02,2026-09-14,exact_pb_unique_variant_keys_pre_mane,242137,245571,236780,5357,8791,3434
